Item Name,Qty,Price (total) (USD),Item link,Notes
Smooth/Textured build plate,1,$16.99,https://biqu.equipment/products/panda-build-plate?variant=41317022498914&country=US&currency=USD&utm_medium=product_sync&utm_source=google&utm_content=sag_organic&utm_campaign=sag_organic&gad_source=1&gad_campaignid=19101072140&gbraid=0AAAAAoLyodXlfiXiaC2Hb6_2JMb8uYuDy&gclid=Cj0KCQjw8ofWBhCHARIsANBj4Ls0Fd4T-aS4phy3hXz7ZPw_z-pQ7O0Snan1wC95QyyELoohXjEBGy0aAlQgEALw_wcB,For clear petg
Soldering tips (help),1,$7.59,https://www.amazon.com/AUSTOR-Pieces-Soldering-Cleaning-Station/dp/B07CTLZBHQ/ref=sr_1_4?c=ts&dib=eyJ2IjoiMSJ9.pTe-xLGiNGchUXVEO4iqSwZ0Y07xAgHbI7nPuhEXhTAaFCxdMCJxQTzGHz8tt1q6kwgoEIyAHXpO9GVvO6Zu2FaO8yqlHYCVf7mJgCtvmFdwxpJunBrvlNU4-mm5YvGp2IoYIEONNAIEogAEJicDCHxiIUF_9kRE6qVf2FuJAlXh2wJc_4okrAIW6NEpNdhtI29XCZ-lr6-3fLa8HiwqAX8eINoB91qkHXWmOMo2oTxZ2Isn1fxM_XtxqsFzB-bWi4fVEt_odDelVmbkMsG4GxFCw9hVlxG6oYW0YIZveYs.-AMYRSXr5ZJiY89dBMIDPT_onocFNKTpcBgX2TgGThc&dib_tag=se&keywords=Soldering+Tips&qid=1791133759&s=hi&sr=1-4&ts_id=13837321,My soldering tips are very used
,,,,
tube of E6000 ,1,$9.99,https://www.amazon.com/Eclectic-Products-Multi-Purpose-Waterproof-Paintable/dp/B07QHTBZZT/ref=sr_1_1?channelId=500&clpRedir=Y&dib=eyJ2IjoiMSJ9.6860elaIk-mc5vPIEtt-nzMWUjr23fFk3loY_jqQujWZ2nXdStxT5PucUblgUaGFce1IoiU8DeC8ckWEUCn16AFriSDYZsQtDoLshWDVlJRP67LPyOwJBMp70GSoErZbNtqQ9kh4Uhn_AvZZMHANwnE8g5fTviJfbqGno3-xS6rvqy3dcbvtnoi4XkB4OlXbgDz6sNCa1FuABAn-pYOX6WdRCgZhGHI7Himugm4utWY.WyTaghX4Ngj3zyFifUCKKmAwOGcNO6XK_Ykm8egDZJY&dib_tag=se&keywords=e6000&plpRedirect=mhFallback&qid=1791150341&sr=8-1,for gluging silicone cap to button
,,,,
shipping (15 days) for build plate,1,$5.99,,ups 
snips! replacement,1,$6.99,https://www.amazon.com/HOUSERAN-Cutters-Cutting-Diagoanl-Jewelry/dp/B0FGXNMZNS/ref=sr_1_1_sspa?channelId=500&clpRedir=Y&dib=eyJ2IjoiMSJ9.v1FrX4XnPTnKFmyr63QztycPqAJCEpGwv-H5O9TepTZWGJWUkNxWQA4xbptjsgBhOI-nYSfGJrb0f_wO5Y7ILdeIY2IlQ3wkgsRBCQDgT1DDm_LLotwCI5vuWSYa_zHbTtrHPhIHDzaZT9Hve_uCiYNds2Z-KuTc_MmgsPro2B_bLFFoPL5ALQIAN5Zf1dv_7PLrpfcF5Uyr0wQF2fIpp7X3f_o5dWlCZku3BviG9AUBp6AceqW5l8p91h-8iplv97bwZtfTkdb-BhlFuPNdmM-wOzKRLzw0TNmmMawSnLE.nX_c-np0k_ApoFjgwGLUFz89r7A2SZHCZrFlltVMTB8&dib_tag=se&keywords=snips&plpRedirect=mhFallback&qid=1791150619&sr=8-1-spons&sp_csd=d2lkZ2V0TmFtZT1zcF9hdGY&psc=1,
24 awg wire stripper,1,$6.99,https://www.amazon.com/DOWELL-Stripper-Multi-Function-Tool%EF%BC%8CProfessional-Craftsmanship/dp/B07D25N45F/ref=sr_1_1_sspa?crid=1XM4CNWR3WR7M&dib=eyJ2IjoiMSJ9.xpXkLeFY40XXGpsjJxKRDyVdMfTXGnekCHt0kyop4cFaT44TrmEc-ezK5Ig-BwLbE7eeh9g9ADxorfKPaQ4LeNTaFvyIFZomPtLcuAvxB6JOoOIR8K6_T9_Mf6-g1zCcx2_NCuHJ2lvRV5-yxG_6wMdjghv2xS1U6zvayUdkr_kHm0WW891mKx0CYE-whG-m51I0prxtg9gjIwK2gq5XCfGH_60oZO3bvWxuqysHV1bqGdnBy_VVIAMkC-Tdq4Su4JK6qB5AIdvKaIojkWm5vuqCSUJ3gBSXvVILdULAdcI.2gonVd7uRJql3lyJ6NTm6SdZabwNQSg5pdhu1ZwcLbY&dib_tag=se&keywords=wire%2Bsnippers%2Bfor%2B24%2Bawg%27&qid=1791150798&sprefix=wire%2Bsnippers%2Bfor%2B24%2Bawg%27%2Caps%2C179&sr=8-1-spons&sp_csd=d2lkZ2V0TmFtZT1zcF9hdGY&th=1,
,,,,
,,,,
,,,,
,,,,
,,,,
,,,,
,,,,
,,,,
,,,,
,,,,
,,Other stuff I already have:,,
Total Price (USD):,$54.54,| microcontroller | a seeed studio esp32-c6 |,,
,,| environment sensor | a (purple) CJMCU-680 breakout board of BME680 |,,
,,| screen | 1.54inch 240x240 TFT LCD (ST7789) |,,
,,| battery management | a black mini 3.3V UPS Power Module from aliexpress |,,
,,| battery | 1000 mAh LiPo (603443) |,,
,,silicone cap,,
,,| 2 buttons | just 6x6x8 (tbd?) buttons |,,
,,| blue translucent filament | protopasta |,,
,,| transparent petg | amazon |,,